query,value,keyword,type,fetched_at
perplexity ai,59350,AI,rising,2026-05-15T19:58:26.416612
perplexity,55350,AI,rising,2026-05-15T19:58:26.416612
ai humanizer,52200,AI,rising,2026-05-15T19:58:26.416612
humanizer,47450,AI,rising,2026-05-15T19:58:26.416612
janitor ai,40850,AI,rising,2026-05-15T19:58:26.416612
google gemini ai,39200,AI,rising,2026-05-15T19:58:26.416612
midjourney,36650,AI,rising,2026-05-15T19:58:26.416612
google gemini,35850,AI,rising,2026-05-15T19:58:26.416612
midjourney ai,35250,AI,rising,2026-05-15T19:58:26.416612
humanize ai,30450,AI,rising,2026-05-15T19:58:26.416612
gemini ai,28850,AI,rising,2026-05-15T19:58:26.416612
gemini,26750,AI,rising,2026-05-15T19:58:26.416612
grok,25200,AI,rising,2026-05-15T19:58:26.416612
grok ai,23100,AI,rising,2026-05-15T19:58:26.416612
perchance ai,22350,AI,rising,2026-05-15T19:58:26.416612
deepseek ai,21350,AI,rising,2026-05-15T19:58:26.416612
deepseek,21050,AI,rising,2026-05-15T19:58:26.416612
ai image generator free,19550,AI,rising,2026-05-15T19:58:26.416612
claude,19350,AI,rising,2026-05-15T19:58:26.416612
claude ai,18850,AI,rising,2026-05-15T19:58:26.416612
ai detector free,17150,AI,rising,2026-05-15T19:58:26.416612
suno ai,16450,AI,rising,2026-05-15T19:58:26.416612
ai detector,15950,AI,rising,2026-05-15T19:58:26.416612
spicy chat ai,15550,AI,rising,2026-05-15T19:58:26.416612
polybuzz ai,14950,AI,rising,2026-05-15T19:58:26.416612
llm machine learning,38300,machine learning,rising,2026-05-15T19:58:30.726374
llm,26100,machine learning,rising,2026-05-15T19:58:30.726374
best laptop 2024,7350,machine learning,rising,2026-05-15T19:58:30.726374
healthy recipes,5800,machine learning,rising,2026-05-15T19:58:30.726374
cook pasta,5600,machine learning,rising,2026-05-15T19:58:30.726374
smartphones 2024,5500,machine learning,rising,2026-05-15T19:58:30.726374
lidl near me,5450,machine learning,rising,2026-05-15T19:58:30.726374
machine learning astro bot,4450,machine learning,rising,2026-05-15T19:58:30.726374
travel europe,3200,machine learning,rising,2026-05-15T19:58:30.726374
best headphones,2650,machine learning,rising,2026-05-15T19:58:30.726374
latest news,2500,machine learning,rising,2026-05-15T19:58:30.726374
yoga beginners,2150,machine learning,rising,2026-05-15T19:58:30.726374
running shoes,1850,machine learning,rising,2026-05-15T19:58:30.726374
home insurance,1800,machine learning,rising,2026-05-15T19:58:30.726374
restaurant near me,1550,machine learning,rising,2026-05-15T19:58:30.726374
online banking,1050,machine learning,rising,2026-05-15T19:58:30.726374
what is ai,700,machine learning,rising,2026-05-15T19:58:30.726374
what is machine learning used for,650,machine learning,rising,2026-05-15T19:58:30.726374
is machine learning ai,500,machine learning,rising,2026-05-15T19:58:30.726374
machine learning system design,400,machine learning,rising,2026-05-15T19:58:30.726374
ai and machine learning,350,machine learning,rising,2026-05-15T19:58:30.726374
masters in ai and machine learning,350,machine learning,rising,2026-05-15T19:58:30.726374
physics informed machine learning,300,machine learning,rising,2026-05-15T19:58:30.726374
digital marketing,300,machine learning,rising,2026-05-15T19:58:30.726374
machine learning vs ai,200,machine learning,rising,2026-05-15T19:58:30.726374
what is chatgpt,370050,ChatGPT,rising,2026-05-15T19:58:35.207314
ai,351600,ChatGPT,rising,2026-05-15T19:58:35.207314
chatgpt ai,335550,ChatGPT,rising,2026-05-15T19:58:35.207314
chatgpt login,300450,ChatGPT,rising,2026-05-15T19:58:35.207314
chatgpt free,244750,ChatGPT,rising,2026-05-15T19:58:35.207314
chat,201850,ChatGPT,rising,2026-05-15T19:58:35.207314
openai chatgpt,121850,ChatGPT,rising,2026-05-15T19:58:35.207314
openai,113450,ChatGPT,rising,2026-05-15T19:58:35.207314
chatgpt app,110700,ChatGPT,rising,2026-05-15T19:58:35.207314
chatgpt plus,62700,ChatGPT,rising,2026-05-15T19:58:35.207314
gemini,60750,ChatGPT,rising,2026-05-15T19:58:35.207314
chatgpt online,57850,ChatGPT,rising,2026-05-15T19:58:35.207314
how to use chatgpt,56750,ChatGPT,rising,2026-05-15T19:58:35.207314
chatgpt down,42850,ChatGPT,rising,2026-05-15T19:58:35.207314
chatgpt stock,40900,ChatGPT,rising,2026-05-15T19:58:35.207314
chatgpt api,40250,ChatGPT,rising,2026-05-15T19:58:35.207314
claude,38950,ChatGPT,rising,2026-05-15T19:58:35.207314
chatgpt download,36750,ChatGPT,rising,2026-05-15T19:58:35.207314
is chatgpt free,35500,ChatGPT,rising,2026-05-15T19:58:35.207314
chatgpt detector,31550,ChatGPT,rising,2026-05-15T19:58:35.207314
meta stock,13600,Bitcoin,rising,2026-05-15T19:58:38.367868
how to buy bitcoin on etoro,12400,Bitcoin,rising,2026-05-15T19:58:38.367868
solana price,11750,Bitcoin,rising,2026-05-15T19:58:38.367868
shiba inu price,6800,Bitcoin,rising,2026-05-15T19:58:38.367868
shiba inu coin price,5700,Bitcoin,rising,2026-05-15T19:58:38.367868
shiba inu coin,4650,Bitcoin,rising,2026-05-15T19:58:38.367868
rivian stock,3500,Bitcoin,rising,2026-05-15T19:58:38.367868
sofi stock,2500,Bitcoin,rising,2026-05-15T19:58:38.367868
mstr,2150,Bitcoin,rising,2026-05-15T19:58:38.367868
bitstop bitcoin atm,2150,Bitcoin,rising,2026-05-15T19:58:38.367868
mstr stock,1850,Bitcoin,rising,2026-05-15T19:58:38.367868
microstrategy stock,1200,Bitcoin,rising,2026-05-15T19:58:38.367868
silver price today,1150,Bitcoin,rising,2026-05-15T19:58:38.367868
nvidia stock price,1150,Bitcoin,rising,2026-05-15T19:58:38.367868
nvda stock price,1050,Bitcoin,rising,2026-05-15T19:58:38.367868
nvidia stock,900,Bitcoin,rising,2026-05-15T19:58:38.367868
xrp price usd,850,Bitcoin,rising,2026-05-15T19:58:38.367868
nvda stock,850,Bitcoin,rising,2026-05-15T19:58:38.367868
gold price today,800,Bitcoin,rising,2026-05-15T19:58:38.367868
palantir stock,650,Bitcoin,rising,2026-05-15T19:58:38.367868
qqq stock,600,Bitcoin,rising,2026-05-15T19:58:38.367868
coinflip bitcoin atm,550,Bitcoin,rising,2026-05-15T19:58:38.367868
pltr stock,450,Bitcoin,rising,2026-05-15T19:58:38.367868
nasdaq index,400,Bitcoin,rising,2026-05-15T19:58:38.367868
s and p 500,400,Bitcoin,rising,2026-05-15T19:58:38.367868
meta stock,24600,Tesla,rising,2026-05-15T19:58:41.252778
meta stock price,16250,Tesla,rising,2026-05-15T19:58:41.252778
tesla pi phone,11500,Tesla,rising,2026-05-15T19:58:41.252778
lcid stock,6850,Tesla,rising,2026-05-15T19:58:41.252778
sofi stock,3750,Tesla,rising,2026-05-15T19:58:41.252778
rivian stock,1700,Tesla,rising,2026-05-15T19:58:41.252778
tesla bot,1450,Tesla,rising,2026-05-15T19:58:41.252778
tesla plaid,1100,Tesla,rising,2026-05-15T19:58:41.252778
tesla robot,1050,Tesla,rising,2026-05-15T19:58:41.252778
tesla model s plaid,950,Tesla,rising,2026-05-15T19:58:41.252778
lucid stock,750,Tesla,rising,2026-05-15T19:58:41.252778
nvidia stock price,650,Tesla,rising,2026-05-15T19:58:41.252778
nvda stock,500,Tesla,rising,2026-05-15T19:58:41.252778
rivian,450,Tesla,rising,2026-05-15T19:58:41.252778
nvidia stock,400,Tesla,rising,2026-05-15T19:58:41.252778
palantir stock,350,Tesla,rising,2026-05-15T19:58:41.252778
tesla model y price,300,Tesla,rising,2026-05-15T19:58:41.252778
tesla phone,250,Tesla,rising,2026-05-15T19:58:41.252778
model y tesla,250,Tesla,rising,2026-05-15T19:58:41.252778
model y,250,Tesla,rising,2026-05-15T19:58:41.252778
tesla insurance,250,Tesla,rising,2026-05-15T19:58:41.252778
tsm stock,250,Tesla,rising,2026-05-15T19:58:41.252778
tesla inventory,200,Tesla,rising,2026-05-15T19:58:41.252778
tesla cybertruck price,200,Tesla,rising,2026-05-15T19:58:41.252778
tesla charger,170,Tesla,rising,2026-05-15T19:58:41.252778
adolescence netflix,6400,Netflix,rising,2026-05-15T19:58:44.292019
fool me once netflix,6050,Netflix,rising,2026-05-15T19:58:44.292019
ed gein,5300,Netflix,rising,2026-05-15T19:58:44.292019
ed gein netflix,4950,Netflix,rising,2026-05-15T19:58:44.292019
his and hers netflix,4800,Netflix,rising,2026-05-15T19:58:44.292019
hunting wives netflix,4000,Netflix,rising,2026-05-15T19:58:44.292019
sirens netflix,3250,Netflix,rising,2026-05-15T19:58:44.292019
the gentlemen netflix,2400,Netflix,rising,2026-05-15T19:58:44.292019
four seasons netflix,1900,Netflix,rising,2026-05-15T19:58:44.292019
one piece netflix,1400,Netflix,rising,2026-05-15T19:58:44.292019
apple cider vinegar netflix,1400,Netflix,rising,2026-05-15T19:58:44.292019
beef netflix,1050,Netflix,rising,2026-05-15T19:58:44.292019
wayward netflix,1000,Netflix,rising,2026-05-15T19:58:44.292019
hbo max,600,Netflix,rising,2026-05-15T19:58:44.292019
max,500,Netflix,rising,2026-05-15T19:58:44.292019
disney plus,120,Netflix,rising,2026-05-15T19:58:44.292019
netflix cost,90,Netflix,rising,2026-05-15T19:58:44.292019
netflix account,90,Netflix,rising,2026-05-15T19:58:44.292019
netflix login,90,Netflix,rising,2026-05-15T19:58:44.292019
netflix price,80,Netflix,rising,2026-05-15T19:58:44.292019
hbo,70,Netflix,rising,2026-05-15T19:58:44.292019
amazon affiliate program,300,Amazon,rising,2026-05-15T19:58:46.957713
amazon kdp,300,Amazon,rising,2026-05-15T19:58:46.957713
amazon customer service phone number,250,Amazon,rising,2026-05-15T19:58:46.957713
amazon prime shopping,200,Amazon,rising,2026-05-15T19:58:46.957713
amazon official site,190,Amazon,rising,2026-05-15T19:58:46.957713
my amazon orders,170,Amazon,rising,2026-05-15T19:58:46.957713
amazon hiring,160,Amazon,rising,2026-05-15T19:58:46.957713
amazon pharmacy,160,Amazon,rising,2026-05-15T19:58:46.957713
amazon prime video login,150,Amazon,rising,2026-05-15T19:58:46.957713
amazon seller central login,140,Amazon,rising,2026-05-15T19:58:46.957713
amazon warehouse jobs,140,Amazon,rising,2026-05-15T19:58:46.957713
amazon shopping,110,Amazon,rising,2026-05-15T19:58:46.957713
amazon customer service number,100,Amazon,rising,2026-05-15T19:58:46.957713
amazon jobs near me,90,Amazon,rising,2026-05-15T19:58:46.957713
amazon phone number,80,Amazon,rising,2026-05-15T19:58:46.957713
amazon prime login,80,Amazon,rising,2026-05-15T19:58:46.957713
amazon orders,70,Amazon,rising,2026-05-15T19:58:46.957713
amazon business,70,Amazon,rising,2026-05-15T19:58:46.957713
google stock,70,Amazon,rising,2026-05-15T19:58:46.957713
amazon fresh,70,Amazon,rising,2026-05-15T19:58:46.957713
amazon flex,60,Amazon,rising,2026-05-15T19:58:46.957713
amazon login,60,Amazon,rising,2026-05-15T19:58:46.957713
amazon jobs,60,Amazon,rising,2026-05-15T19:58:46.957713
amazon warehouse,60,Amazon,rising,2026-05-15T19:58:46.957713
medicare telehealth 2025,10300,telehealth,rising,2026-05-15T19:58:49.858703
telehealth covid test for travel,5050,telehealth,rising,2026-05-15T19:58:49.858703
sequence telehealth,2300,telehealth,rising,2026-05-15T19:58:49.858703
sesame telehealth,2200,telehealth,rising,2026-05-15T19:58:49.858703
bridgeside telehealth,2150,telehealth,rising,2026-05-15T19:58:49.858703
lifestance telehealth waiting room,1800,telehealth,rising,2026-05-15T19:58:49.858703
telehealth weight loss,1350,telehealth,rising,2026-05-15T19:58:49.858703
best telehealth services,1350,telehealth,rising,2026-05-15T19:58:49.858703
medicare telehealth extension,950,telehealth,rising,2026-05-15T19:58:49.858703
telehealth abortion pill,800,telehealth,rising,2026-05-15T19:58:49.858703
ro telehealth,550,telehealth,rising,2026-05-15T19:58:49.858703
adhd telehealth,500,telehealth,rising,2026-05-15T19:58:49.858703
telehealth doctors note,500,telehealth,rising,2026-05-15T19:58:49.858703
goodrx telehealth,450,telehealth,rising,2026-05-15T19:58:49.858703
telehealth covid test,400,telehealth,rising,2026-05-15T19:58:49.858703
zocdoc,300,telehealth,rising,2026-05-15T19:58:49.858703
vet telehealth,250,telehealth,rising,2026-05-15T19:58:49.858703
telehealth news,250,telehealth,rising,2026-05-15T19:58:49.858703
amazon telehealth,250,telehealth,rising,2026-05-15T19:58:49.858703
what is a telehealth appointment,250,telehealth,rising,2026-05-15T19:58:49.858703
what is telehealth appointment,250,telehealth,rising,2026-05-15T19:58:49.858703
fast pace telehealth,200,telehealth,rising,2026-05-15T19:58:49.858703
telehealth appointment,200,telehealth,rising,2026-05-15T19:58:49.858703
cvs telehealth,200,telehealth,rising,2026-05-15T19:58:49.858703
urgent care telehealth,190,telehealth,rising,2026-05-15T19:58:49.858703
men's mental health month,9100,mental health,rising,2026-05-15T19:58:53.294235
when is men's mental health month,7000,mental health,rising,2026-05-15T19:58:53.294235
ellie mental health,6750,mental health,rising,2026-05-15T19:58:53.294235
world mental health day 2024,4250,mental health,rising,2026-05-15T19:58:53.294235
world mental health day 2023,3650,mental health,rising,2026-05-15T19:58:53.294235
world mental health day 2022,3350,mental health,rising,2026-05-15T19:58:53.294235
mens mental health month,3350,mental health,rising,2026-05-15T19:58:53.294235
mental health matters hoodie,3250,mental health,rising,2026-05-15T19:58:53.294235
988 mental health,3150,mental health,rising,2026-05-15T19:58:53.294235
men's mental health awareness month,2400,mental health,rising,2026-05-15T19:58:53.294235
men mental health month,1300,mental health,rising,2026-05-15T19:58:53.294235
huntsman mental health institute,850,mental health,rising,2026-05-15T19:58:53.294235
serenity mental health centers,350,mental health,rising,2026-05-15T19:58:53.294235
journal prompts for mental health,350,mental health,rising,2026-05-15T19:58:53.294235
path mental health,300,mental health,rising,2026-05-15T19:58:53.294235
foresight mental health,300,mental health,rising,2026-05-15T19:58:53.294235
how does social media affect mental health,200,mental health,rising,2026-05-15T19:58:53.294235
mental health matters,200,mental health,rising,2026-05-15T19:58:53.294235
social media and mental health,190,mental health,rising,2026-05-15T19:58:53.294235
serenity mental health,180,mental health,rising,2026-05-15T19:58:53.294235
mental health meaning,140,mental health,rising,2026-05-15T19:58:53.294235
apa citation generator,120,mental health,rising,2026-05-15T19:58:53.294235
mental health support,120,mental health,rising,2026-05-15T19:58:53.294235
what is mental health,100,mental health,rising,2026-05-15T19:58:53.294235
why is mental health important,90,mental health,rising,2026-05-15T19:58:53.294235
planet fitness summer pass,26350,fitness,rising,2026-05-15T19:58:56.086311
shop fitness trackers,6300,fitness,rising,2026-05-15T19:58:56.086311
planet fitness high school summer pass,5600,fitness,rising,2026-05-15T19:58:56.086311
johnson fitness & we,2900,fitness,rising,2026-05-15T19:58:56.086311
john reed fitness,1500,fitness,rising,2026-05-15T19:58:56.086311
speakeasy fitness,900,fitness,rising,2026-05-15T19:58:56.086311
amped fitness,900,fitness,rising,2026-05-15T19:58:56.086311
esporta fitness,900,fitness,rising,2026-05-15T19:58:56.086311
esporta,850,fitness,rising,2026-05-15T19:58:56.086311
bungee fitness,400,fitness,rising,2026-05-15T19:58:56.086311
bungee fitness near me,400,fitness,rising,2026-05-15T19:58:56.086311
planet fitness day pass,350,fitness,rising,2026-05-15T19:58:56.086311
planet fitness free day pass,350,fitness,rising,2026-05-15T19:58:56.086311
club 4 fitness,350,fitness,rising,2026-05-15T19:58:56.086311
does planet fitness have a sauna,250,fitness,rising,2026-05-15T19:58:56.086311
eos fitness near me,200,fitness,rising,2026-05-15T19:58:56.086311
planet fitness app,190,fitness,rising,2026-05-15T19:58:56.086311
apple fitness,180,fitness,rising,2026-05-15T19:58:56.086311
what time does planet fitness close,180,fitness,rising,2026-05-15T19:58:56.086311
cancel planet fitness membership,180,fitness,rising,2026-05-15T19:58:56.086311
how to cancel planet fitness membership,170,fitness,rising,2026-05-15T19:58:56.086311
crunch fitness near me,160,fitness,rising,2026-05-15T19:58:56.086311
apple fitness plus,160,fitness,rising,2026-05-15T19:58:56.086311
crunch,130,fitness,rising,2026-05-15T19:58:56.086311
eos fitness,130,fitness,rising,2026-05-15T19:58:56.086311
inflation reduction act,57650,inflation,rising,2026-05-15T19:58:59.474139
inflation reduction act of 2022,44000,inflation,rising,2026-05-15T19:58:59.474139
inflation relief checks,37750,inflation,rising,2026-05-15T19:58:59.474139
california inflation relief,27050,inflation,rising,2026-05-15T19:58:59.474139
inflation 2023,26350,inflation,rising,2026-05-15T19:58:59.474139
inflation 2025,26000,inflation,rising,2026-05-15T19:58:59.474139
inflation rate 2025,21750,inflation,rising,2026-05-15T19:58:59.474139
2024 inflation rate,18000,inflation,rising,2026-05-15T19:58:59.474139
inflation 2022,17450,inflation,rising,2026-05-15T19:58:59.474139
inflation rate 2022,13550,inflation,rising,2026-05-15T19:58:59.474139
inflation rate 2023,13300,inflation,rising,2026-05-15T19:58:59.474139
inflation reduction act tax credits,12700,inflation,rising,2026-05-15T19:58:59.474139
inflation refund check,11500,inflation,rising,2026-05-15T19:58:59.474139
us inflation rate 2022,11400,inflation,rising,2026-05-15T19:58:59.474139
california inflation relief checks,9650,inflation,rising,2026-05-15T19:58:59.474139
inflation relief stimulus checks,8500,inflation,rising,2026-05-15T19:58:59.474139
california inflation relief payments,2850,inflation,rising,2026-05-15T19:58:59.474139
next inflation report,2000,inflation,rising,2026-05-15T19:58:59.474139
how does raising interest rates help inflation,1850,inflation,rising,2026-05-15T19:58:59.474139
inflation report today,1800,inflation,rising,2026-05-15T19:58:59.474139
cpi inflation report,1700,inflation,rising,2026-05-15T19:58:59.474139
inflation data today,1650,inflation,rising,2026-05-15T19:58:59.474139
biden inflation,1550,inflation,rising,2026-05-15T19:58:59.474139
when will inflation go down,1500,inflation,rising,2026-05-15T19:58:59.474139
will inflation go down,1250,inflation,rising,2026-05-15T19:58:59.474139
recession 2023,45050,recession,rising,2026-05-15T19:59:02.440224
recession 2025,22350,recession,rising,2026-05-15T19:59:02.440224
recession 2024,20400,recession,rising,2026-05-15T19:59:02.440224
us recession 2023,19600,recession,rising,2026-05-15T19:59:02.440224
are we in a recession 2022,14950,recession,rising,2026-05-15T19:59:02.440224
recession 2022,14100,recession,rising,2026-05-15T19:59:02.440224
us recession 2022,9950,recession,rising,2026-05-15T19:59:02.440224
are we in a recession 2023,9750,recession,rising,2026-05-15T19:59:02.440224
will there be a recession in 2023,8400,recession,rising,2026-05-15T19:59:02.440224
recession pop,300,recession,rising,2026-05-15T19:59:02.440224
layoffs,250,recession,rising,2026-05-15T19:59:02.440224
biden,250,recession,rising,2026-05-15T19:59:02.440224
inflation vs recession,170,recession,rising,2026-05-15T19:59:02.440224
are we in a recession,170,recession,rising,2026-05-15T19:59:02.440224
are we in recession,160,recession,rising,2026-05-15T19:59:02.440224
how long do recessions last,150,recession,rising,2026-05-15T19:59:02.440224
are we heading into a recession,130,recession,rising,2026-05-15T19:59:02.440224
whats a recession,120,recession,rising,2026-05-15T19:59:02.440224
are we going into a recession,120,recession,rising,2026-05-15T19:59:02.440224
what's a recession,120,recession,rising,2026-05-15T19:59:02.440224
what does a recession mean,120,recession,rising,2026-05-15T19:59:02.440224
mortgage rates,100,recession,rising,2026-05-15T19:59:02.440224
is america in a recession,90,recession,rising,2026-05-15T19:59:02.440224
what is a recession,90,recession,rising,2026-05-15T19:59:02.440224
what is an economic recession,90,recession,rising,2026-05-15T19:59:02.440224
"yahoo finance stock market live, quotes, business & finance news",11850,stock market,rising,2026-05-15T19:59:05.875037
meta stock,10300,stock market,rising,2026-05-15T19:59:05.875037
stock market holidays 2022,8250,stock market,rising,2026-05-15T19:59:05.875037
u.s. stock market today,1850,stock market,rising,2026-05-15T19:59:05.875037
sofi stock,1150,stock market,rising,2026-05-15T19:59:05.875037
stock market live chart,1000,stock market,rising,2026-05-15T19:59:05.875037
russian stock market,900,stock market,rising,2026-05-15T19:59:05.875037
nvidia stock,750,stock market,rising,2026-05-15T19:59:05.875037
pltr stock,500,stock market,rising,2026-05-15T19:59:05.875037
nvda stock,500,stock market,rising,2026-05-15T19:59:05.875037
nvda,500,stock market,rising,2026-05-15T19:59:05.875037
voo stock,300,stock market,rising,2026-05-15T19:59:05.875037
gold price today,250,stock market,rising,2026-05-15T19:59:05.875037
voo,250,stock market,rising,2026-05-15T19:59:05.875037
us stock market today,200,stock market,rising,2026-05-15T19:59:05.875037
vti,180,stock market,rising,2026-05-15T19:59:05.875037
qqq stock,180,stock market,rising,2026-05-15T19:59:05.875037
intel stock,170,stock market,rising,2026-05-15T19:59:05.875037
nasdaq today,170,stock market,rising,2026-05-15T19:59:05.875037
tesla stock price,140,stock market,rising,2026-05-15T19:59:05.875037
bitcoin price,130,stock market,rising,2026-05-15T19:59:05.875037
housing market,120,stock market,rising,2026-05-15T19:59:05.875037
stock market data,120,stock market,rising,2026-05-15T19:59:05.875037
is stock market open tomorrow,110,stock market,rising,2026-05-15T19:59:05.875037
stock market today live,110,stock market,rising,2026-05-15T19:59:05.875037
crypto arena,16250,crypto,rising,2026-05-15T19:59:08.932945
ondo crypto,11550,crypto,rising,2026-05-15T19:59:08.932945
biden executive order crypto,10950,crypto,rising,2026-05-15T19:59:08.932945
crypto loko casino,10300,crypto,rising,2026-05-15T19:59:08.932945
sui crypto,9150,crypto,rising,2026-05-15T19:59:08.932945
crypto arena seating chart,8250,crypto,rising,2026-05-15T19:59:08.932945
evergrow crypto,6700,crypto,rising,2026-05-15T19:59:08.932945
dexscreener,3500,crypto,rising,2026-05-15T19:59:08.932945
metaverse crypto,3000,crypto,rising,2026-05-15T19:59:08.932945
pepe crypto,2050,crypto,rising,2026-05-15T19:59:08.932945
crypto bubbles,1900,crypto,rising,2026-05-15T19:59:08.932945
gala crypto,1550,crypto,rising,2026-05-15T19:59:08.932945
solana price,1400,crypto,rising,2026-05-15T19:59:08.932945
solana crypto price,1300,crypto,rising,2026-05-15T19:59:08.932945
trump crypto coin,1100,crypto,rising,2026-05-15T19:59:08.932945
ftx crypto,1100,crypto,rising,2026-05-15T19:59:08.932945
ftx,1050,crypto,rising,2026-05-15T19:59:08.932945
lcx crypto,950,crypto,rising,2026-05-15T19:59:08.932945
luna crypto,900,crypto,rising,2026-05-15T19:59:08.932945
solana crypto,850,crypto,rising,2026-05-15T19:59:08.932945
solana,800,crypto,rising,2026-05-15T19:59:08.932945
avax crypto,700,crypto,rising,2026-05-15T19:59:08.932945
avalanche crypto,700,crypto,rising,2026-05-15T19:59:08.932945
sol crypto,650,crypto,rising,2026-05-15T19:59:08.932945
trump crypto,550,crypto,rising,2026-05-15T19:59:08.932945
